target_name,pathogen_binary,sampling_date,site_code,field_id,bombus_spp,host_plant,bee_caste,sampling_event,pathogen_load
BQCV,1,9/9/20,BOST,6,impatiens,solidago,worker,4,2414168.805
BQCV,1,9/10/20,MUDGE,18,impatiens,crown vetch,worker,4,760793.2324
BQCV,0,9/10/20,MUDGE,11,impatiens,crown vetch,worker,4,0
BQCV,0,9/9/20,BOST,11,impatiens,solidago,male,4,0
BQCV,1,9/10/20,CIND,14,impatiens,knot weed,worker,4,124236.7921
BQCV,1,9/10/20,MUDGE,4,impatiens,crown vetch,worker,4,413814.5638
BQCV,1,9/10/20,CIND,13,impatiens,red clover,worker,4,1028831.605
BQCV,1,7/7/20,BOST,38,impatiens,red clover,worker,2,307696378.8
BQCV,0,9/10/20,MUDGE,5,impatiens,crown vetch,worker,4,0
BQCV,1,9/9/20,BOST,12,impatiens,solidago,male,4,311873.0526
BQCV,0,9/9/20,BOST,18,impatiens,solidago,worker,4,0
BQCV,1,9/9/20,BOST,23,impatiens,solidago,male,4,1674951.391
BQCV,1,9/10/20,CIND,20,impatiens,red clover,worker,4,3214026.976
BQCV,1,9/10/20,CIND,11,impatiens,birdsfoot,worker,4,995592.63
BQCV,0,9/10/20,CIND,17,impatiens,red clover,worker,4,0
BQCV,1,9/10/20,CIND,16,impatiens,red clover,worker,4,200804.8542
BQCV,1,9/9/20,BOST,17,impatiens,solidago,worker,4,228085.8104
BQCV,1,9/9/20,BOST,7,impatiens,solidago,worker,4,7261151.315
BQCV,1,7/7/20,COL,22,impatiens,red clover,worker,2,817906.8276
BQCV,1,7/7/20,BOST,45,impatiens,red clover,worker,2,858658.6884
BQCV,1,7/7/20,BOST,46,impatiens,red clover,worker,2,1390213.258
BQCV,NA,9/10/20,CIND,19,impatiens,knot weed,worker,4,NA
BQCV,1,9/9/20,BOST,16,impatiens,solidago,worker,4,3847308.58
BQCV,1,9/9/20,BOST,10,impatiens,solidago,male,4,21802654.79
BQCV,1,9/9/20,BOST,20,impatiens,solidago,worker,4,4026207.454
BQCV,0,9/10/20,MUDGE,16,impatiens,crown vetch,worker,4,0
BQCV,1,9/10/20,MUDGE,2,impatiens,crown vetch,worker,4,3185000.456
BQCV,1,9/9/20,BOST,19,impatiens,solidago,worker,4,3473347.836
BQCV,0,9/9/20,BOST,5,impatiens,solidago,worker,4,0
BQCV,1,7/7/20,BOST,21,bimaculatus ,red clover,worker,2,5094918.618
BQCV,1,9/10/20,MUDGE,3,impatiens,crown vetch,worker,4,6633152.272
BQCV,1,9/10/20,CIND,5,impatiens,red clover,worker,4,1234024.118
BQCV,1,9/9/20,BOST,24,impatiens,solidago,male,4,7027623.46
BQCV,1,9/10/20,MUDGE,15,impatiens,crown vetch,worker,4,1762561.063
BQCV,1,7/7/20,BOST,44,impatiens,red clover,worker,2,10269604.05
BQCV,1,9/10/20,MUDGE,9,impatiens,solidago,worker,4,65701945.97
BQCV,1,9/10/20,MUDGE,8,impatiens,solidago,worker,4,37212133.71
BQCV,0,9/9/20,BOST,29,vagans,solidago,male,4,0
BQCV,1,9/9/20,BOST,27,impatiens,solidago,male,4,1624012.205
BQCV,1,9/10/20,MUDGE,15,impatiens,crown vetch,worker,4,3783885.421
BQCV,1,9/10/20,CIND,6,impatiens,red clover,worker,4,32725315.21
BQCV,1,9/10/20,MUDGE,19,impatiens,crown vetch,worker,4,7269982.917
BQCV,NA,9/10/20,MUDGE,10,impatiens,yellow flower need to ID,worker,4,NA
BQCV,0,9/9/20,BOST,25,impatiens,solidago,male,4,0
BQCV,1,9/10/20,MUDGE,6,impatiens,crown vetch,worker,4,3432824.36
BQCV,0,9/10/20,MUDGE,14,impatiens,crown vetch,worker,4,0
BQCV,1,9/9/20,BOST,28,impatiens,solidago,male,4,68403282513
BQCV,1,9/9/20,BOST,3,impatiens,solidago,worker,4,357451.842
BQCV,1,9/9/20,BOST,26,impatiens,solidago,male,4,300145.2793
BQCV,1,7/6/20,COL,8,impatiens,red clover,worker,2,474680.8072
BQCV,1,9/10/20,CIND,3,impatiens,red clover,worker,4,437668.8834
BQCV,1,9/9/20,BOST,9,impatiens,solidago,male,4,2636602.746
BQCV,0,9/10/20,MUDGE,13,impatiens,crown vetch,worker,4,0
BQCV,1,9/10/20,CIND,4,impatiens,red clover,worker,4,1814390.225
BQCV,1,9/9/20,BOST,4,impatiens,solidago,worker,4,2439802.105
BQCV,1,9/9/20,BOST,14,impatiens,solidago,male,4,662491.9458
BQCV,NA,7/7/20,COL,21,impatiens,red clover,worker,2,NA
BQCV,1,9/10/20,CIND,15,impatiens,red clover,worker,4,232765.7305
BQCV,1,7/7/20,BOST,42,impatiens,red clover,worker,2,56448.21361
BQCV,1,9/9/20,BOST,22,impatiens,solidago,male,4,2098794.506
BQCV,1,9/9/20,BOST,13,impatiens,solidago,male,4,1893760.92
BQCV,1,9/9/20,BOST,1,impatiens,solidago,worker,4,38104803.29
BQCV,1,9/10/20,MUDGE,17,impatiens,crown vetch,worker,4,26960547.94
BQCV,1,7/6/20,COL,11,impatiens,red clover,worker,2,3412470.299
BQCV,1,7/6/20,COL,9,impatiens,red clover,worker,2,17385564.6
BQCV,1,9/9/20,BOST,15,impatiens,solidago,male,4,3196258.556
BQCV,1,9/9/20,BOST,8,impatiens,solidago,male,4,7567444.996
BQCV,1,9/10/20,CIND,12,impatiens,red clover,worker,4,47458651.64
BQCV,1,9/10/20,MUDGE,7,impatiens,solidago,worker,4,957412.1103
BQCV,0,9/9/20,FLAN,31,impatiens,jewel weed,worker,4,0
BQCV,1,9/9/20,FLAN,7,impatiens,jewel weed,worker,4,319769949.3
BQCV,1,9/10/20,COL,47,impatiens,red clover,worker,4,4649809.637
BQCV,1,9/9/20,FLAN,24,impatiens,jewel weed,worker,4,8469089.989
BQCV,1,8/4/20,CIND,13,impatiens,red clover,worker,3,1277499.024
BQCV,1,8/4/20,CIND,2,impatiens,red clover,worker,3,19579679.97
BQCV,1,9/9/20,FLAN,30,impatiens,jewel weed,worker,4,84951961
BQCV,NA,8/4/20,CIND,21,impatiens,red clover,worker,3,NA
BQCV,1,9/10/20,COL,44,impatiens,red clover,worker,4,220529.8317
BQCV,1,8/4/20,MUDGE,4,impatiens,crown vetch,worker,3,160033.7979
BQCV,1,8/4/20,MUDGE,30,impatiens,crown vetch,worker,3,6257120.838
BQCV,1,9/10/20,COL,29,impatiens,red clover,worker,4,146487.4117
BQCV,0,8/4/20,MUDGE,33,impatiens,saint johns wort,worker,3,0
BQCV,NA,8/4/20,MUDGE,23,impatiens,crown vetch,worker,3,NA
BQCV,1,8/4/20,CIND,8,impatiens,red clover,worker,3,763450.072
BQCV,1,9/9/20,FLAN,4,impatiens,jewel weed,worker,4,4549276.551
BQCV,1,9/10/20,COL,20,impatiens,red clover,worker,4,603243.0984
BQCV,0,8/4/20,CIND,18,impatiens,red clover,worker,3,0
BQCV,1,8/4/20,MUDGE,6,impatiens,crown vetch,worker,3,47642.70823
BQCV,1,9/10/20,COL,15,impatiens,red clover,worker,4,326788.5041
BQCV,1,9/9/20,FLAN,2,impatiens,jewel weed,worker,4,179772.9241
BQCV,1,9/9/20,FLAN,26,impatiens,jewel weed,worker,4,1743474.371
BQCV,1,8/4/20,MUDGE,35,impatiens,saint johns wort,worker,3,630583.5509
BQCV,1,9/9/20,FLAN,18,impatiens,crown vetch,worker,4,33358264.69
BQCV,1,9/10/20,COL,35,impatiens,red clover,worker,4,6729052.162
BQCV,1,9/9/20,FLAN,19,impatiens,crown vetch,worker,4,13081173.46
BQCV,1,9/10/20,COL,10,impatiens,red clover,worker,4,326888.3201
BQCV,1,9/9/20,FLAN,36,impatiens,crown vetch,worker,4,1604929.842
BQCV,1,8/4/20,CIND,19,impatiens,red clover,worker,3,194967628.3
BQCV,1,9/9/20,FLAN,14,impatiens,thistle,worker,4,370163.5785
BQCV,1,8/4/20,CIND,22,impatiens,red clover,worker,3,2786786.027
BQCV,1,9/9/20,FLAN,6,impatiens,jewel weed,worker,4,2339482.676
BQCV,1,8/4/20,CIND,1,impatiens,red clover,worker,3,60166705.31
BQCV,1,9/9/20,FLAN,35,impatiens,crown vetch,worker,4,50080816.32
BQCV,1,8/4/20,MUDGE,5,impatiens,crown vetch,worker,3,2001908.368
BQCV,1,8/4/20,MUDGE,22,impatiens,crown vetch,worker,3,5471002.805
BQCV,1,9/10/20,MUDGE,4,impatiens,crown vetch,worker,4,26657272.76
BQCV,1,9/9/20,FLAN,3,impatiens,jewel weed,worker,4,1953482.461
BQCV,1,9/9/20,FLAN,21,impatiens,jewel weed,worker,4,57992.60354
BQCV,1,8/4/20,MUDGE,26,impatiens,crown vetch,worker,3,236256.452
BQCV,1,9/10/20,COL,43,impatiens,red clover,worker,4,1592536.418
BQCV,1,9/9/20,FLAN,15,impatiens,solidago,worker,4,393426.1637
BQCV,1,8/4/20,MUDGE,9,impatiens,saint johns wort,worker,3,1029033.872
BQCV,1,9/9/20,FLAN,22,impatiens,jewel weed,worker,4,64821.90326
BQCV,1,9/9/20,FLAN,34,impatiens,solidago,worker,4,362856.5744
BQCV,0,9/10/20,COL,3,impatiens,red clover,worker,4,0
BQCV,1,9/10/20,COL,32,impatiens,red clover,worker,4,1714278.269
BQCV,1,8/4/20,MUDGE,34,impatiens,saint johns wort,worker,3,4187876.004
BQCV,1,9/10/20,COL,41,impatiens,red clover,worker,4,5659568.443
BQCV,1,8/4/20,MUDGE,27,impatiens,crown vetch,worker,3,29420088.72
BQCV,1,7/7/20,BOST,28,impatiens,red clover,worker,2,7410128.056
BQCV,1,9/9/20,FLAN,27,impatiens,jewel weed,worker,4,1198131.813
BQCV,1,9/10/20,COL,7,impatiens,red clover,worker,4,1535644.633
BQCV,1,9/9/20,FLAN,41,impatiens,jewel weed,worker,4,5552512.921
BQCV,0,9/9/20,FLAN,37,impatiens,crown vetch,worker,4,0
BQCV,1,5/9/20,CIND,24,impatiens,dandelion,queen,1,76405.36613
BQCV,0,9/9/20,FLAN,38,impatiens,crown vetch,worker,4,0
BQCV,1,9/9/20,FLAN,17,impatiens,flight,worker,4,6106706.089
BQCV,0,9/10/20,COL,34,impatiens,red clover,worker,4,0
BQCV,0,5/9/20,CIND,22,impatiens,dandelion,queen,1,0
BQCV,1,7/7/20,BOST,31,impatiens,red clover,worker,2,78963.49771
BQCV,1,9/9/20,FLAN,42,impatiens,jewel weed,worker,4,7618807.846
BQCV,1,5/9/20,CIND,19,impatiens,flight,queen,1,902648.3157
BQCV,1,7/7/20,BOST,11,fervidus,red clover,worker,2,843998381.3
BQCV,1,5/9/20,CIND,16,impatiens,dandelion,queen,1,704378.3151
BQCV,1,5/9/20,CIND,4,impatiens,dandelion,queen,1,2816998.172
BQCV,1,9/9/20,FLAN,10,impatiens,jewel weed,worker,4,61195.29512
BQCV,1,9/10/20,COL,6,impatiens,red clover,worker,4,5709983.477
BQCV,1,9/10/20,COL,38,impatiens,red clover,worker,4,1380674.89
BQCV,1,9/9/20,FLAN,13,impatiens,solidago,worker,4,796240.4438
BQCV,1,9/10/20,COL,24,impatiens,red clover,worker,4,11939810.56
BQCV,1,9/10/20,COL,33,impatiens,red clover,worker,4,527529.2194
BQCV,1,9/9/20,FLAN,28,impatiens,jewel weed,worker,4,1308993.111
BQCV,1,9/9/20,FLAN,12,impatiens,jewel weed,worker,4,1888117.527
BQCV,1,9/9/20,FLAN,40,impatiens,jewel weed,worker,4,3253650.592
BQCV,1,9/9/20,FLAN,8,impatiens,jewel weed,worker,4,5018574.565
BQCV,1,9/9/20,FLAN,20,impatiens,crown vetch,worker,4,1659515.569
BQCV,1,9/10/20,COL,28,impatiens,red clover,worker,4,4338755.212
BQCV,1,9/10/20,COL,2,impatiens,red clover,worker,4,2757942.481
BQCV,1,9/10/20,COL,30,impatiens,red clover,worker,4,223704.1475
BQCV,1,9/9/20,FLAN,39,impatiens,jewel weed,worker,4,53534138.95
BQCV,0,5/9/20,CIND,6,impatiens,dandelion,queen,1,0
BQCV,1,9/9/20,FLAN,33,impatiens,solidago,worker,4,81641.5397
BQCV,1,9/10/20,COL,16,impatiens,red clover,worker,4,177179.2346
BQCV,1,9/10/20,COL,45,impatiens,red clover,worker,4,2388458588
BQCV,1,7/7/20,BOST,22,impatiens,red clover,worker,2,643801.4517
BQCV,0,9/10/20,COL,8,impatiens,red clover,worker,4,0
BQCV,1,9/10/20,COL,26,impatiens,red clover,worker,4,2410337.162
BQCV,1,9/10/20,COL,27,impatiens,red clover,worker,4,42619.31413
BQCV,1,5/9/20,CIND,1,impatiens,dandelion,queen,1,5247608.911
BQCV,1,7/7/20,BOST,14,impatiens,red clover,queen,2,582762.4534
BQCV,1,5/9/20,CIND,2,impatiens,dandelion,queen,1,1292857.221
BQCV,1,9/10/20,COL,37,impatiens,red clover,worker,4,302378.4899
BQCV,1,9/9/20,FLAN,44,impatiens,jewel weed,worker,4,610212.478
BQCV,1,5/9/20,CIND,14,impatiens,dandelion,queen,1,1164478.736
BQCV,1,5/9/20,CIND,31,impatiens,flight,queen,1,61269.06858
BQCV,1,5/17/20,FLAN,4,impatiens,flight,queen,1,12337518.47
BQCV,1,8/3/20,FLAN,37,impatiens,crown vetch,worker,3,2986283.083
BQCV,1,9/10/20,COL,22,impatiens,red clover,worker,4,67527.50962
BQCV,1,8/3/20,FLAN,38,impatiens,crown vetch,worker,3,245765.2176
BQCV,1,9/10/20,COL,13,impatiens,red clover,worker,4,426157.4358
BQCV,1,8/3/20,FLAN,2,impatiens,crown vetch,worker,3,36457025372
BQCV,NA,8/3/20,BOST,22,impatiens,red clover,worker,3,NA
BQCV,1,8/3/20,FLAN,30,impatiens,crown vetch,worker,3,427933.9735
BQCV,1,8/3/20,BOST,17,impatiens,knot weed,male,3,8049923.967
BQCV,1,5/17/20,FLAN,19,impatiens,woody yellow ,queen,1,355098.2834
BQCV,0,9/10/20,COL,19,impatiens,red clover,worker,4,0
BQCV,1,9/10/20,COL,1,impatiens,red clover,worker,4,9808910.744
BQCV,1,9/10/20,COL,42,impatiens,red clover,worker,4,540047.8296
BQCV,1,8/3/20,FLAN,5,impatiens,crown vetch,worker,3,31338.03199
BQCV,1,8/3/20,FLAN,26,impatiens,crown vetch,worker,3,74235.81861
BQCV,1,8/3/20,FLAN,29,impatiens,crown vetch,worker,3,4860884.17
BQCV,1,7/6/20,MUDGE,5,impatiens,crown vetch,worker,2,5394648.33
BQCV,1,8/3/20,FLAN,9,impatiens,crown vetch,worker,3,10923483.95
BQCV,1,5/9/20,CIND,10,impatiens,dandelion,queen,1,2754065.982
BQCV,1,8/3/20,FLAN,39,impatiens,crown vetch,worker,3,24848.74151
BQCV,1,8/3/20,FLAN,40,impatiens,crown vetch,worker,3,326788.5041
BQCV,1,9/10/20,COL,48,impatiens,red clover,worker,4,107934.2342
BQCV,1,8/3/20,BOST,13,impatiens,red clover,worker,3,122591.3186
BQCV,1,8/3/20,FLAN,6,impatiens,crown vetch,worker,3,308792.2399
BQCV,1,9/10/20,COL,14,impatiens,red clover,worker,4,1576721.004
BQCV,1,8/3/20,BOST,16,impatiens,red clover,worker,3,260594.4759
BQCV,0,5/17/20,FLAN,5,impatiens,flight,queen,1,0
BQCV,1,5/17/20,BOST,6,impatiens,dandelion,queen,1,450965.5599
BQCV,1,5/17/20,BOST,37,impatiens,flight,queen,1,718026.7561
BQCV,1,5/17/20,BOST,17,impatiens,dandelion,queen,1,623933.6988
BQCV,1,7/11/20,CIND,13,impatiens,red clover,worker,2,174070.5135
BQCV,1,8/4/20,MUDGE,29,impatiens,crown vetch,worker,3,61208.82373
BQCV,0,8/3/20,FLAN,35,impatiens,crown vetch,worker,3,0
BQCV,1,8/3/20,FLAN,11,impatiens,crown vetch,worker,3,618371.934
BQCV,1,8/3/20,FLAN,20,impatiens,crown vetch,worker,3,5701034.925
BQCV,1,7/6/20,MUDGE,4,impatiens,crown vetch,worker,2,434218.7072
BQCV,1,8/3/20,FLAN,27,impatiens,crown vetch,worker,3,1299436.995
BQCV,1,5/17/20,BOST,19,impatiens,flight,queen,1,5104085.509
BQCV,0,5/17/20,BOST,25,impatiens,flight,queen,1,0
BQCV,1,8/3/20,BOST,11,impatiens,red clover,worker,3,738805.2493
BQCV,1,5/17/20,BOST,3,impatiens,flight,queen,1,17980442.56
BQCV,NA,8/4/20,MUDGE,28,impatiens,crown vetch,worker,3,NA
BQCV,1,8/3/20,BOST,21,impatiens,red clover,worker,3,209169.4008
BQCV,1,8/3/20,FLAN,3,impatiens,crown vetch,worker,3,2122871.109
BQCV,1,5/17/20,BOST,12,impatiens,flight ,queen,1,39246481.72
BQCV,1,9/10/20,COL,12,impatiens,red clover,worker,4,245525.8
BQCV,1,9/10/20,COL,21,impatiens,red clover,worker,4,2487165.773
BQCV,1,9/9/20,FLAN,11,impatiens,jewel weed,worker,4,1256888.119
BQCV,1,8/3/20,BOST,18,impatiens,red clover,worker,3,585573.6525
BQCV,1,8/3/20,BOST,20,impatiens,red clover,worker,3,4503577.621
BQCV,1,8/3/20,FLAN,4,impatiens,crown vetch,worker,3,11464856.47
BQCV,1,8/3/20,FLAN,4,impatiens,crown vetch,worker,3,301055.0094
BQCV,1,5/17/20,BOST,32,impatiens,flight,queen,1,14676744.69
BQCV,1,5/17/20,BOST,32,impatiens,flight,queen,1,46938.5381
BQCV,1,9/10/20,COL,31,impatiens,red clover,worker,4,14842177.38
BQCV,0,9/10/20,COL,31,impatiens,red clover,worker,4,0
BQCV,1,9/10/20,COL,9,impatiens,red clover,worker,4,3581247.144
BQCV,1,9/10/20,COL,9,impatiens,red clover,worker,4,14730705.86
BQCV,1,8/3/20,FLAN,8,impatiens,crown vetch,worker,3,4908563.113
BQCV,1,8/3/20,FLAN,8,impatiens,crown vetch,worker,3,890305.1161
BQCV,1,9/10/20,COL,17,impatiens,red clover,worker,4,84437.53541
BQCV,1,9/10/20,COL,17,impatiens,red clover,worker,4,5271939.37
BQCV,1,5/17/20,FLAN,17,impatiens,mint,queen,1,52360.71536
BQCV,1,5/17/20,FLAN,17,impatiens,mint,queen,1,163841148.4
BQCV,1,5/17/20,BOST,10,impatiens,dandelion,queen,1,151227.4746
BQCV,0,8/3/20,FLAN,16,impatiens,crown vetch,worker,3,0
BQCV,1,8/3/20,BOST,4,impatiens,red clover,worker,3,24654207.84
BQCV,NA,5/17/20,FLAN,12,impatiens,dandelion,queen,1,NA
BQCV,1,8/4/20,MUDGE,2,impatiens,saint johns wort,worker,3,52360.71536
BQCV,1,5/17/20,BOST,20,impatiens,flight,queen,1,4033891.246
BQCV,1,8/3/20,BOST,19,impatiens,red clover,worker,3,2655300.769
BQCV,1,8/3/20,BOST,14,impatiens,red clover,worker,3,9095157.376
BQCV,1,9/10/20,COL,18,impatiens,flight,worker,4,6258156.771
BQCV,1,5/17/20,FLAN,2,impatiens,dandelion,queen,1,159667.1872
BQCV,1,5/17/20,BOST,4,impatiens,dandelion,queen,1,147160.5964
BQCV,1,8/3/20,BOST,6,impatiens,red clover,worker,3,5296788.705
BQCV,1,9/9/20,FLAN,32,impatiens,jewel weed,worker,4,127441.5235
BQCV,1,5/17/20,BOST,34,impatiens,flight,queen,1,94441.89648
BQCV,1,8/3/20,FLAN,14,impatiens,crown vetch,worker,3,5368945.289
BQCV,1,8/3/20,FLAN,33,impatiens,crown vetch,worker,3,929073.6026
BQCV,1,5/17/20,FLAN,1,impatiens,dandelion,queen,1,74898816.13
BQCV,1,5/17/20,FLAN,8,impatiens,flight,queen,1,313190.3742
BQCV,1,8/3/20,FLAN,18,impatiens,crown vetch,worker,3,20811964.2
BQCV,1,8/3/20,FLAN,15,impatiens,crown vetch,worker,3,370282.7155
BQCV,1,8/4/20,CIND,16,impatiens,red clover,worker,3,28088946.07
BQCV,1,8/4/20,CIND,3,impatiens,red clover,worker,3,2151307.082
BQCV,1,8/4/20,CIND,23,impatiens,red clover,worker,3,250610.6726
BQCV,1,9/10/20,COL,23,impatiens,red clover,worker,4,36033243.57
BQCV,1,8/4/20,CIND,15,impatiens,red clover,worker,3,100889.3857
BQCV,1,8/3/20,FLAN,13,impatiens,cr+H262own vetch,worker,3,22427345.12
BQCV,1,8/4/20,COL,11,impatiens,NA,worker,3,3106413.843
BQCV,1,8/4/20,COL,15,impatiens,jewlweed,worker,3,515859754.7
BQCV,1,5/19/20,MUDGE,29,impatiens,dandelion,queen,1,2655300.769
BQCV,1,5/19/20,COL,29,impatiens,dandelion,queen,1,53080779564
BQCV,1,8/4/20,COL,17,impatiens,red clover,worker,3,654161.4586
BQCV,1,5/19/20,COL,35,impatiens,dandelion,queen,1,13418152.92
BQCV,1,5/19/20,MUDGE,14,impatiens,dandelion,queen,1,796482.5687
BQCV,1,5/19/20,COL,28,impatiens,dandelion,queen,1,125927.9357
BQCV,1,8/4/20,COL,4,impatiens,red clover,worker,3,1337305.322
BQCV,1,5/19/20,MUDGE,45,impatiens,flight,queen,1,10763793.55
BQCV,1,5/19/20,COL,30,impatiens,flight,queen,1,850419.4097
BQCV,1,5/19/20,COL,32,impatiens,dandelion,queen,1,630146.3174
BQCV,1,8/4/20,COL,9,impatiens,red clover,worker,3,118549.1656
BQCV,0,5/19/20,COL,8,impatiens,flight,queen,1,0
BQCV,0,8/4/20,COL,5,impatiens,red clover,worker,3,0
BQCV,1,5/19/20,MUDGE,23,impatiens,dandelion,queen,1,352749.458
BQCV,1,8/4/20,COL,6,impatiens,red clover,worker,3,2318601.192
BQCV,1,7/6/20,FLAN,42,impatiens,red clover,worker,2,399109.5696
BQCV,1,7/6/20,FLAN,33,impatiens,crown vetch,worker,2,3274438.627
BQCV,1,5/19/20,COL,11,impatiens,dandelion,queen,1,292883.5181
BQCV,1,5/17/20,FLAN,6,vagans,dandelion,queen,1,187044.7005
BQCV,1,7/6/20,FLAN,3,impatiens,crown vetch,worker,2,22159974.91
BQCV,1,5/17/20,FLAN,19,impatiens,woody yellow ,queen,1,3697555.576
BQCV,1,7/6/20,FLAN,5,impatiens,saint johns wort,worker,2,829342.4634
BQCV,1,7/6/20,FLAN,36,impatiens,crown vetch,worker,2,4674828.649
BQCV,1,5/19/20,COL,6,impatiens,dandelion,queen,1,465800.823
BQCV,1,5/19/20,COL,9,impatiens,dandelion,queen,1,648355682.6
BQCV,1,7/6/20,FLAN,15,impatiens,red clover,worker,2,545615.7883
BQCV,1,5/19/20,COL,27,impatiens,dandelion,queen,1,355371.8121
BQCV,0,7/6/20,FLAN,40,impatiens,saint johns wort,worker,2,0
BQCV,1,5/17/20,FLAN,18,impatiens,violet ,queen,1,2027129.258
BQCV,1,7/6/20,FLAN,53,impatiens,red clover,worker,2,2620980.728
BQCV,1,7/6/20,FLAN,56,impatiens,red clover,worker,2,13548387.37
BQCV,NA,7/6/20,FLAN,55,impatiens,red clover,queen,2,NA
BQCV,1,5/17/20,FLAN,24,bimaculatus,flight,queen,1,3238595.935
BQCV,1,5/17/20,FLAN,20,bimaculatus,violet ,queen,1,11384850.86
BQCV,1,5/17/20,FLAN,17,impatiens,mint,queen,1,531094.1246
BQCV,1,5/19/20,COL,31,impatiens,flight,queen,1,205182854.4
BQCV,1,5/19/20,COL,33,impatiens,dandelion,queen,1,1012992.437
BQCV,1,8/4/20,CIND,5,impatiens,red clover,worker,3,2616767.527
BQCV,1,5/17/20,BOST,27,impatiens,flight,queen,1,13289577.01
BQCV,1,5/19/20,COL,1,impatiens,dandelion,queen,1,1232911.193
BQCV,1,7/6/20,FLAN,34,impatiens,crown vetch,worker,2,2327661.105
BQCV,1,7/6/20,FLAN,12,impatiens,saint johns wort,worker,2,2575431.569
BQCV,1,5/19/20,COL,4,ternarius,dandelion,queen,1,6159383.031
BQCV,0,5/17/20,FLAN,22,bimaculatus,violet,queen,1,0
BQCV,1,7/6/20,FLAN,16,impatiens,red clover,worker,2,41570992.9
DWV,1,9/9/20,BOST,6,impatiens,solidago,worker,4,85329.54142
DWV,1,9/10/20,MUDGE,18,impatiens,crown vetch,worker,4,45153.02837
DWV,0,9/10/20,MUDGE,11,impatiens,crown vetch,worker,4,0
DWV,0,9/9/20,BOST,11,impatiens,solidago,male,4,0
DWV,1,9/10/20,CIND,14,impatiens,knot weed,worker,4,215750.2847
DWV,1,9/10/20,MUDGE,4,impatiens,crown vetch,worker,4,27694.50213
DWV,1,9/10/20,CIND,13,impatiens,red clover,worker,4,44988.08297
DWV,0,7/7/20,BOST,38,impatiens,red clover,worker,2,0
DWV,0,9/10/20,MUDGE,5,impatiens,crown vetch,worker,4,0
DWV,0,9/9/20,BOST,12,impatiens,solidago,male,4,0
DWV,0,9/9/20,BOST,18,impatiens,solidago,worker,4,0
DWV,0,9/9/20,BOST,23,impatiens,solidago,male,4,0
DWV,0,9/10/20,CIND,20,impatiens,red clover,worker,4,0
DWV,0,9/10/20,CIND,11,impatiens,birdsfoot,worker,4,0
DWV,0,9/10/20,CIND,17,impatiens,red clover,worker,4,0
DWV,1,9/10/20,CIND,16,impatiens,red clover,worker,4,46865.1454
DWV,0,9/9/20,BOST,17,impatiens,solidago,worker,4,0
DWV,0,9/9/20,BOST,7,impatiens,solidago,worker,4,0
DWV,1,7/7/20,COL,22,impatiens,red clover,worker,2,38650.78998
DWV,0,7/7/20,BOST,45,impatiens,red clover,worker,2,0
DWV,0,7/7/20,BOST,46,impatiens,red clover,worker,2,0
DWV,1,9/10/20,CIND,19,impatiens,knot weed,worker,4,42594.79507
DWV,0,9/9/20,BOST,16,impatiens,solidago,worker,4,0
DWV,0,9/9/20,BOST,10,impatiens,solidago,male,4,0
DWV,1,9/9/20,BOST,20,impatiens,solidago,worker,4,188818.8759
DWV,1,9/10/20,MUDGE,16,impatiens,crown vetch,worker,4,1322198.956
DWV,0,9/10/20,MUDGE,2,impatiens,crown vetch,worker,4,0
DWV,0,9/9/20,BOST,19,impatiens,solidago,worker,4,0
DWV,1,9/9/20,BOST,5,impatiens,solidago,worker,4,41186.674
DWV,1,7/7/20,BOST,21,bimaculatus ,red clover,worker,2,31693.73363
DWV,1,9/10/20,MUDGE,3,impatiens,crown vetch,worker,4,18851.8983
DWV,0,9/10/20,CIND,5,impatiens,red clover,worker,4,0
DWV,0,9/9/20,BOST,24,impatiens,solidago,male,4,0
DWV,1,9/10/20,MUDGE,15,impatiens,crown vetch,worker,4,40167.96608
DWV,1,7/7/20,BOST,44,impatiens,red clover,worker,2,187511.0816
DWV,0,9/10/20,MUDGE,9,impatiens,solidago,worker,4,0
DWV,0,9/10/20,MUDGE,8,impatiens,solidago,worker,4,0
DWV,0,9/9/20,BOST,29,vagans,solidago,male,4,0
DWV,0,9/9/20,BOST,27,impatiens,solidago,male,4,0
DWV,0,9/10/20,MUDGE,15,impatiens,crown vetch,worker,4,0
DWV,0,9/10/20,CIND,6,impatiens,red clover,worker,4,0
DWV,0,9/10/20,MUDGE,19,impatiens,crown vetch,worker,4,0
DWV,0,9/10/20,MUDGE,10,impatiens,NA,worker,4,0
DWV,0,9/9/20,BOST,25,impatiens,solidago,male,4,0
DWV,0,9/10/20,MUDGE,6,impatiens,crown vetch,worker,4,0
DWV,0,9/10/20,MUDGE,14,impatiens,crown vetch,worker,4,0
DWV,1,9/9/20,BOST,28,impatiens,solidago,male,4,4063133.786
DWV,1,9/9/20,BOST,3,impatiens,solidago,worker,4,885190.483
DWV,1,9/9/20,BOST,26,impatiens,solidago,male,4,706340.965
DWV,0,7/6/20,COL,8,impatiens,red clover,worker,2,0
DWV,0,9/10/20,CIND,3,impatiens,red clover,worker,4,0
DWV,0,9/9/20,BOST,9,impatiens,solidago,male,4,0
DWV,0,9/10/20,MUDGE,13,impatiens,crown vetch,worker,4,0
DWV,1,9/10/20,CIND,4,impatiens,red clover,worker,4,351213.648
DWV,1,9/9/20,BOST,4,impatiens,solidago,worker,4,700860.781
DWV,1,9/9/20,BOST,14,impatiens,solidago,male,4,419316.2664
DWV,1,7/7/20,COL,21,impatiens,red clover,worker,2,144951.3914
DWV,1,9/10/20,CIND,15,impatiens,red clover,worker,4,126962.3309
DWV,0,7/7/20,BOST,42,impatiens,red clover,worker,2,0
DWV,0,9/9/20,BOST,22,impatiens,solidago,male,4,0
DWV,1,9/9/20,BOST,13,impatiens,solidago,male,4,124902.5636
DWV,0,9/9/20,BOST,1,impatiens,solidago,worker,4,0
DWV,0,9/10/20,MUDGE,17,impatiens,crown vetch,worker,4,0
DWV,1,7/6/20,COL,11,impatiens,red clover,worker,2,35694.63724
DWV,0,7/6/20,COL,9,impatiens,red clover,worker,2,0
DWV,0,9/9/20,BOST,15,impatiens,solidago,male,4,0
DWV,0,9/9/20,BOST,8,impatiens,solidago,male,4,0
DWV,0,9/10/20,CIND,12,impatiens,red clover,worker,4,0
DWV,0,9/10/20,MUDGE,7,impatiens,solidago,worker,4,0
DWV,1,9/9/20,FLAN,31,impatiens,jewel weed,worker,4,120464.6868
DWV,0,9/9/20,FLAN,7,impatiens,jewel weed,worker,4,0
DWV,0,9/10/20,COL,47,impatiens,red clover,worker,4,0
DWV,1,9/9/20,FLAN,24,impatiens,jewel weed,worker,4,42447.47228
DWV,0,8/4/20,CIND,13,impatiens,red clover,worker,3,0
DWV,0,8/4/20,CIND,2,impatiens,red clover,worker,3,0
DWV,0,9/9/20,FLAN,30,impatiens,jewel weed,worker,4,0
DWV,0,8/4/20,CIND,21,impatiens,red clover,worker,3,0
DWV,1,9/10/20,COL,44,impatiens,red clover,worker,4,50101.06941
DWV,1,8/4/20,MUDGE,4,impatiens,crown vetch,worker,3,100413.9397
DWV,0,8/4/20,MUDGE,30,impatiens,crown vetch,worker,3,0
DWV,1,9/10/20,COL,29,impatiens,red clover,worker,4,43112.50143
DWV,0,8/4/20,MUDGE,33,impatiens,saint johns wort,worker,3,0
DWV,1,8/4/20,MUDGE,23,impatiens,crown vetch,worker,3,87695.74884
DWV,1,8/4/20,CIND,8,impatiens,red clover,worker,3,63849.14521
DWV,0,9/9/20,FLAN,4,impatiens,jewel weed,worker,4,0
DWV,0,9/10/20,COL,20,impatiens,red clover,worker,4,0
DWV,1,8/4/20,CIND,18,impatiens,red clover,worker,3,10583123.59
DWV,1,8/4/20,MUDGE,6,impatiens,crown vetch,worker,3,256610.153
DWV,1,9/10/20,COL,15,impatiens,red clover,worker,4,53631.28972
DWV,0,9/9/20,FLAN,2,impatiens,jewel weed,worker,4,0
DWV,0,9/9/20,FLAN,26,impatiens,jewel weed,worker,4,0
DWV,0,8/4/20,MUDGE,35,impatiens,saint johns wort,worker,3,0
DWV,1,9/9/20,FLAN,18,impatiens,crown vetch,worker,4,406694.2946
DWV,0,9/10/20,COL,35,impatiens,red clover,worker,4,0
DWV,0,9/9/20,FLAN,19,impatiens,crown vetch,worker,4,0
DWV,0,9/10/20,COL,10,impatiens,red clover,worker,4,0
DWV,0,9/9/20,FLAN,36,impatiens,crown vetch,worker,4,0
DWV,0,8/4/20,CIND,19,impatiens,red clover,worker,3,0
DWV,0,9/9/20,FLAN,14,impatiens,thistle,worker,4,0
DWV,1,8/4/20,CIND,22,impatiens,red clover,worker,3,40086.70856
DWV,0,9/9/20,FLAN,6,impatiens,jewel weed,worker,4,0
DWV,0,8/4/20,CIND,1,impatiens,red clover,worker,3,0
DWV,1,9/9/20,FLAN,35,impatiens,crown vetch,worker,4,151121.6798
DWV,0,8/4/20,MUDGE,5,impatiens,crown vetch,worker,3,0
DWV,0,8/4/20,MUDGE,22,impatiens,crown vetch,worker,3,0
DWV,0,9/10/20,MUDGE,4,impatiens,crown vetch,worker,4,0
DWV,1,9/9/20,FLAN,3,impatiens,jewel weed,worker,4,249829.5625
DWV,0,9/9/20,FLAN,21,impatiens,jewel weed,worker,4,0
DWV,0,8/4/20,MUDGE,26,impatiens,crown vetch,worker,3,0
DWV,0,9/10/20,COL,43,impatiens,red clover,worker,4,0
DWV,0,9/9/20,FLAN,15,impatiens,solidago,worker,4,0
DWV,1,8/4/20,MUDGE,9,impatiens,saint johns wort,worker,3,725963.376
DWV,0,9/9/20,FLAN,22,impatiens,jewel weed,worker,4,0
DWV,1,9/9/20,FLAN,34,impatiens,solidago,worker,4,47620.66336
DWV,0,9/10/20,COL,3,impatiens,red clover,worker,4,0
DWV,1,9/10/20,COL,32,impatiens,red clover,worker,4,7559114.182
DWV,0,8/4/20,MUDGE,34,impatiens,saint johns wort,worker,3,0
DWV,0,9/10/20,COL,41,impatiens,red clover,worker,4,0
DWV,1,8/4/20,MUDGE,27,impatiens,crown vetch,worker,3,30378.28692
DWV,0,7/7/20,BOST,28,impatiens,red clover,worker,2,0
DWV,0,9/9/20,FLAN,27,impatiens,jewel weed,worker,4,0
DWV,1,9/10/20,COL,7,impatiens,red clover,worker,4,889693.2953
DWV,0,9/9/20,FLAN,41,impatiens,jewel weed,worker,4,0
DWV,1,9/9/20,FLAN,37,impatiens,crown vetch,worker,4,20956.61133
DWV,0,5/9/20,CIND,24,impatiens,dandelion,queen,1,0
DWV,0,9/9/20,FLAN,38,impatiens,crown vetch,worker,4,0
DWV,0,9/9/20,FLAN,17,impatiens,flight,worker,4,0
DWV,0,9/10/20,COL,34,impatiens,red clover,worker,4,0
DWV,0,5/9/20,CIND,22,impatiens,dandelion,queen,1,0
DWV,0,7/7/20,BOST,31,impatiens,red clover,worker,2,0
DWV,0,9/9/20,FLAN,42,impatiens,jewel weed,worker,4,0
DWV,1,5/9/20,CIND,19,impatiens,flight,queen,1,30586.43443
DWV,1,7/7/20,BOST,11,fervidus,red clover,worker,2,78891.02641
DWV,0,5/9/20,CIND,16,impatiens,dandelion,queen,1,0
DWV,0,5/9/20,CIND,4,impatiens,dandelion,queen,1,0
DWV,0,9/9/20,FLAN,10,impatiens,jewel weed,worker,4,0
DWV,0,9/10/20,COL,6,impatiens,red clover,worker,4,0
DWV,0,9/10/20,COL,38,impatiens,red clover,worker,4,0
DWV,0,9/9/20,FLAN,13,impatiens,solidago,worker,4,0
DWV,0,9/10/20,COL,24,impatiens,red clover,worker,4,0
DWV,0,9/10/20,COL,33,impatiens,red clover,worker,4,0
DWV,1,9/9/20,FLAN,28,impatiens,jewel weed,worker,4,99333.68467
DWV,0,9/9/20,FLAN,12,impatiens,jewel weed,worker,4,0
DWV,0,9/9/20,FLAN,40,impatiens,jewel weed,worker,4,0
DWV,1,9/9/20,FLAN,8,impatiens,jewel weed,worker,4,378204.8284
DWV,0,9/9/20,FLAN,20,impatiens,crown vetch,worker,4,0
DWV,0,9/10/20,COL,28,impatiens,red clover,worker,4,0
DWV,0,9/10/20,COL,2,impatiens,red clover,worker,4,0
DWV,0,9/10/20,COL,30,impatiens,red clover,worker,4,0
DWV,0,9/9/20,FLAN,39,impatiens,jewel weed,worker,4,0
DWV,1,5/9/20,CIND,6,impatiens,dandelion,queen,1,184090.1021
DWV,0,9/9/20,FLAN,33,impatiens,solidago,worker,4,0
DWV,1,9/10/20,COL,16,impatiens,red clover,worker,4,1027736.914
DWV,0,9/10/20,COL,45,impatiens,red clover,worker,4,0
DWV,0,7/7/20,BOST,22,impatiens,red clover,worker,2,0
DWV,0,9/10/20,COL,8,impatiens,red clover,worker,4,0
DWV,0,9/10/20,COL,26,impatiens,red clover,worker,4,0
DWV,0,9/10/20,COL,27,impatiens,red clover,worker,4,0
DWV,0,5/9/20,CIND,1,impatiens,dandelion,queen,1,0
DWV,0,7/7/20,BOST,14,impatiens,red clover,queen,2,0
DWV,0,5/9/20,CIND,2,impatiens,dandelion,queen,1,0
DWV,0,9/10/20,COL,37,impatiens,red clover,worker,4,0
DWV,NA,9/9/20,FLAN,44,impatiens,jewel weed,worker,4,NA
DWV,0,5/9/20,CIND,14,impatiens,dandelion,queen,1,0
DWV,0,5/9/20,CIND,31,impatiens,flight,queen,1,0
DWV,0,5/17/20,FLAN,4,impatiens,flight,queen,1,0
DWV,0,8/3/20,FLAN,37,impatiens,crown vetch,worker,3,0
DWV,0,9/10/20,COL,22,impatiens,red clover,worker,4,0
DWV,1,8/3/20,FLAN,38,impatiens,crown vetch,worker,3,116785.6894
DWV,0,9/10/20,COL,13,impatiens,red clover,worker,4,0
DWV,1,8/3/20,FLAN,2,impatiens,crown vetch,worker,3,433402.5103
DWV,0,8/3/20,BOST,22,impatiens,red clover,worker,3,0
DWV,1,8/3/20,FLAN,30,impatiens,crown vetch,worker,3,2446585.608
DWV,1,8/3/20,BOST,17,impatiens,knot weed,male,3,58954.80399
DWV,0,5/17/20,FLAN,19,impatiens,woody yellow ,queen,1,0
DWV,0,9/10/20,COL,19,impatiens,red clover,worker,4,0
DWV,0,9/10/20,COL,1,impatiens,red clover,worker,4,0
DWV,0,9/10/20,COL,42,impatiens,red clover,worker,4,0
DWV,1,8/3/20,FLAN,5,impatiens,crown vetch,worker,3,30205.36712
DWV,1,8/3/20,FLAN,26,impatiens,crown vetch,worker,3,556917.6084
DWV,1,8/3/20,FLAN,29,impatiens,crown vetch,worker,3,182881.4465
DWV,0,7/6/20,MUDGE,5,impatiens,crown vetch,worker,2,0
DWV,0,8/3/20,FLAN,9,impatiens,crown vetch,worker,3,0
DWV,0,5/9/20,CIND,10,impatiens,dandelion,queen,1,0
DWV,0,8/3/20,FLAN,39,impatiens,crown vetch,worker,3,0
DWV,0,8/3/20,FLAN,40,impatiens,crown vetch,worker,3,0
DWV,0,9/10/20,COL,48,impatiens,red clover,worker,4,0
DWV,0,8/3/20,BOST,13,impatiens,red clover,worker,3,0
DWV,0,8/3/20,FLAN,6,impatiens,crown vetch,worker,3,0
DWV,0,9/10/20,COL,14,impatiens,red clover,worker,4,0
DWV,0,8/3/20,BOST,16,impatiens,red clover,worker,3,0
DWV,0,5/17/20,FLAN,5,impatiens,flight,queen,1,0
DWV,0,5/17/20,BOST,6,impatiens,dandelion,queen,1,0
DWV,1,5/17/20,BOST,37,impatiens,flight,queen,1,61398.48145
DWV,1,5/17/20,BOST,17,impatiens,dandelion,queen,1,136116.3492
DWV,0,7/11/20,CIND,13,impatiens,red clover,worker,2,0
DWV,0,8/4/20,MUDGE,29,impatiens,crown vetch,worker,3,0
DWV,1,8/3/20,FLAN,35,impatiens,crown vetch,worker,3,720599.9244
DWV,0,8/3/20,FLAN,11,impatiens,crown vetch,worker,3,0
DWV,1,8/3/20,FLAN,20,impatiens,crown vetch,worker,3,1694945.559
DWV,0,7/6/20,MUDGE,4,impatiens,crown vetch,worker,2,0
DWV,1,8/3/20,FLAN,27,impatiens,crown vetch,worker,3,126422.8765
DWV,1,5/17/20,BOST,19,impatiens,flight,queen,1,51264.81554
DWV,0,5/17/20,BOST,25,impatiens,flight,queen,1,0
DWV,1,8/3/20,BOST,11,impatiens,red clover,worker,3,31909.13484
DWV,0,5/17/20,BOST,3,impatiens,flight,queen,1,0
DWV,1,8/4/20,MUDGE,28,impatiens,crown vetch,worker,3,1272806.155
DWV,1,8/3/20,BOST,21,impatiens,red clover,worker,3,99217.12906
DWV,0,8/3/20,FLAN,3,impatiens,crown vetch,worker,3,0
DWV,0,5/17/20,BOST,12,impatiens,flight ,queen,1,0
DWV,0,9/10/20,COL,12,impatiens,red clover,worker,4,0
DWV,1,9/10/20,COL,21,impatiens,red clover,worker,4,149054.0188
DWV,0,9/9/20,FLAN,11,impatiens,jewel weed,worker,4,0
DWV,1,8/3/20,BOST,18,impatiens,red clover,worker,3,193393.2597
DWV,0,8/3/20,BOST,20,impatiens,red clover,worker,3,0
DWV,1,8/3/20,FLAN,4,impatiens,crown vetch,worker,3,264516.9916
DWV,0,8/3/20,FLAN,4,impatiens,crown vetch,worker,3,0
DWV,0,5/17/20,BOST,32,impatiens,flight,queen,1,0
DWV,0,5/17/20,BOST,32,impatiens,flight,queen,1,0
DWV,0,9/10/20,COL,31,impatiens,red clover,worker,4,0
DWV,1,9/10/20,COL,31,impatiens,red clover,worker,4,347804.2181
DWV,0,9/10/20,COL,9,impatiens,red clover,worker,4,0
DWV,0,9/10/20,COL,9,impatiens,red clover,worker,4,0
DWV,0,8/3/20,FLAN,8,impatiens,crown vetch,worker,3,0
DWV,1,8/3/20,FLAN,8,impatiens,crown vetch,worker,3,66025.64989
DWV,0,9/10/20,COL,17,impatiens,red clover,worker,4,0
DWV,0,9/10/20,COL,17,impatiens,red clover,worker,4,0
DWV,0,5/17/20,FLAN,17,impatiens,mint,queen,1,0
DWV,0,5/17/20,FLAN,17,impatiens,mint,queen,1,0
DWV,0,5/17/20,BOST,10,impatiens,dandelion,queen,1,0
DWV,1,8/3/20,FLAN,16,impatiens,crown vetch,worker,3,747944.7387
DWV,0,8/3/20,BOST,4,impatiens,red clover,worker,3,0
DWV,0,5/17/20,FLAN,12,impatiens,dandelion,queen,1,0
DWV,0,8/4/20,MUDGE,2,impatiens,saint johns wort,worker,3,0
DWV,1,5/17/20,BOST,20,impatiens,flight,queen,1,19393.70938
DWV,1,8/3/20,BOST,19,impatiens,red clover,worker,3,61498.6531
DWV,0,8/3/20,BOST,14,impatiens,red clover,worker,3,0
DWV,0,9/10/20,COL,18,impatiens,flight,worker,4,0
DWV,0,5/17/20,FLAN,2,impatiens,dandelion,queen,1,0
DWV,0,5/17/20,BOST,4,impatiens,dandelion,queen,1,0
DWV,0,8/3/20,BOST,6,impatiens,red clover,worker,3,0
DWV,0,9/9/20,FLAN,32,impatiens,jewel weed,worker,4,0
DWV,NA,5/17/20,BOST,34,impatiens,flight,queen,1,NA
DWV,0,8/3/20,FLAN,14,impatiens,crown vetch,worker,3,0
DWV,0,8/3/20,FLAN,33,impatiens,crown vetch,worker,3,0
DWV,1,5/17/20,FLAN,1,impatiens,dandelion,queen,1,42326.31683
DWV,1,5/17/20,FLAN,8,impatiens,flight,queen,1,92128.35893
DWV,1,8/3/20,FLAN,18,impatiens,crown vetch,worker,3,396988.6571
DWV,0,8/3/20,FLAN,15,impatiens,crown vetch,worker,3,0
DWV,0,8/4/20,CIND,16,impatiens,red clover,worker,3,0
DWV,1,8/4/20,CIND,3,impatiens,red clover,worker,3,564461.3832
DWV,1,8/4/20,CIND,23,impatiens,red clover,worker,3,316181.1527
DWV,0,9/10/20,COL,23,impatiens,red clover,worker,4,0
DWV,0,8/4/20,CIND,15,impatiens,red clover,worker,3,0
DWV,0,8/3/20,FLAN,13,impatiens,crown vetch,worker,3,0
DWV,0,8/4/20,COL,11,impatiens,NA,worker,3,0
DWV,1,8/4/20,COL,15,impatiens,jewel weed,worker,3,140656.235
DWV,0,5/19/20,MUDGE,29,impatiens,dandelion,queen,1,0
DWV,0,5/19/20,COL,29,impatiens,dandelion,queen,1,0
DWV,1,8/4/20,COL,17,impatiens,red clover,worker,3,88245.25283
DWV,0,5/19/20,COL,35,impatiens,dandelion,queen,1,0
DWV,0,5/19/20,MUDGE,14,impatiens,dandelion,queen,1,0
DWV,0,5/19/20,COL,28,impatiens,dandelion,queen,1,0
DWV,0,8/4/20,COL,4,impatiens,red clover,worker,3,0
DWV,1,5/19/20,MUDGE,45,impatiens,flight,queen,1,67075.84986
DWV,0,5/19/20,COL,30,impatiens,flight,queen,1,0
DWV,1,5/19/20,COL,32,impatiens,dandelion,queen,1,104099.8413
DWV,1,8/4/20,COL,9,impatiens,red clover,worker,3,114227.3664
DWV,0,5/19/20,COL,8,impatiens,flight,queen,1,0
DWV,1,8/4/20,COL,5,impatiens,red clover,worker,3,122840.9351
DWV,1,5/19/20,MUDGE,23,impatiens,dandelion,queen,1,148468.5203
DWV,0,8/4/20,COL,6,impatiens,red clover,worker,3,0
DWV,0,7/6/20,FLAN,42,impatiens,red clover,worker,2,0
DWV,1,7/6/20,FLAN,33,impatiens,crown vetch,worker,2,85731.68389
DWV,1,5/19/20,COL,11,impatiens,dandelion,queen,1,45105.59106
DWV,1,5/17/20,FLAN,6,vagans,dandelion,queen,1,66219.96689
DWV,0,7/6/20,FLAN,3,impatiens,crown vetch,worker,2,0
DWV,1,5/17/20,FLAN,19,impatiens,woody yellow ,queen,1,309097.5891
DWV,1,7/6/20,FLAN,5,impatiens,saint johns wort,worker,2,69652.52608
DWV,1,7/6/20,FLAN,36,impatiens,crown vetch,worker,2,68145.99764
DWV,1,5/19/20,COL,6,impatiens,dandelion,queen,1,145145.4611
DWV,1,5/19/20,COL,9,impatiens,dandelion,queen,1,703391.3516
DWV,0,7/6/20,FLAN,15,impatiens,red clover,worker,2,0
DWV,1,5/19/20,COL,27,impatiens,dandelion,queen,1,131111.6618
DWV,1,7/6/20,FLAN,40,impatiens,saint johns wort,worker,2,2088123.827
DWV,0,5/17/20,FLAN,18,impatiens,violet ,queen,1,0
DWV,0,7/6/20,FLAN,53,impatiens,red clover,worker,2,0
DWV,0,7/6/20,FLAN,56,impatiens,red clover,worker,2,0
DWV,1,7/6/20,FLAN,55,impatiens,red clover,queen,2,66036.57169
DWV,0,5/17/20,FLAN,24,bimaculatus,flight,queen,1,0
DWV,1,5/17/20,FLAN,20,bimaculatus,violet ,queen,1,403374.8131
DWV,1,5/17/20,FLAN,17,impatiens,mint,queen,1,3765789478
DWV,0,5/19/20,COL,31,impatiens,flight,queen,1,0
DWV,1,5/19/20,COL,33,impatiens,dandelion,queen,1,247958.4698
DWV,0,8/4/20,CIND,5,impatiens,red clover,worker,3,0
DWV,1,5/17/20,BOST,27,impatiens,flight,queen,1,608799.4372
DWV,0,5/19/20,COL,1,impatiens,dandelion,queen,1,0
DWV,0,7/6/20,FLAN,34,impatiens,crown vetch,worker,2,0
DWV,0,7/6/20,FLAN,12,impatiens,saint johns wort,worker,2,0
DWV,0,5/19/20,COL,4,ternarius,dandelion,queen,1,0
DWV,0,5/17/20,FLAN,22,bimaculatus,violet,queen,1,0
DWV,0,7/6/20,FLAN,16,impatiens,red clover,worker,2,0
Nosema,NA,9/9/20,BOST,6,impatiens,solidago,worker,4,NA
Nosema,0,9/10/20,MUDGE,18,impatiens,crown vetch,worker,4,0
Nosema,1,9/10/20,MUDGE,11,impatiens,crown vetch,worker,4,225000
Nosema,NA,9/9/20,BOST,11,impatiens,solidago,male,4,NA
Nosema,0,9/10/20,CIND,14,impatiens,knot weed,worker,4,0
Nosema,NA,9/10/20,MUDGE,4,impatiens,crown vetch,worker,4,NA
Nosema,0,9/10/20,CIND,13,impatiens,red clover,worker,4,0
Nosema,0,7/7/20,BOST,38,impatiens,red clover,worker,2,0
Nosema,0,9/10/20,MUDGE,5,impatiens,crown vetch,worker,4,0
Nosema,0,9/9/20,BOST,12,impatiens,solidago,male,4,0
Nosema,1,9/9/20,BOST,18,impatiens,solidago,worker,4,50000
Nosema,0,9/9/20,BOST,23,impatiens,solidago,male,4,0
Nosema,0,9/10/20,CIND,20,impatiens,red clover,worker,4,0
Nosema,0,9/10/20,CIND,11,impatiens,birdsfoot,worker,4,0
Nosema,0,9/10/20,CIND,17,impatiens,red clover,worker,4,0
Nosema,0,9/10/20,CIND,16,impatiens,red clover,worker,4,0
Nosema,0,9/9/20,BOST,17,impatiens,solidago,worker,4,0
Nosema,0,9/9/20,BOST,7,impatiens,solidago,worker,4,0
Nosema,0,7/7/20,COL,22,impatiens,red clover,worker,2,0
Nosema,0,7/7/20,BOST,45,impatiens,red clover,worker,2,0
Nosema,0,7/7/20,BOST,46,impatiens,red clover,worker,2,0
Nosema,0,9/10/20,CIND,19,impatiens,knot weed,worker,4,0
Nosema,0,9/9/20,BOST,16,impatiens,solidago,worker,4,0
Nosema,0,9/9/20,BOST,10,impatiens,solidago,male,4,0
Nosema,0,9/9/20,BOST,20,impatiens,solidago,worker,4,0
Nosema,0,9/10/20,MUDGE,16,impatiens,crown vetch,worker,4,0
Nosema,0,9/10/20,MUDGE,2,impatiens,crown vetch,worker,4,0
Nosema,0,9/9/20,BOST,19,impatiens,solidago,worker,4,0
Nosema,0,9/9/20,BOST,5,impatiens,solidago,worker,4,0
Nosema,NA,7/7/20,BOST,21,bimaculatus ,red clover,worker,2,NA
Nosema,0,9/10/20,MUDGE,3,impatiens,crown vetch,worker,4,0
Nosema,0,9/10/20,CIND,5,impatiens,red clover,worker,4,0
Nosema,0,9/9/20,BOST,24,impatiens,solidago,male,4,0
Nosema,0,9/10/20,MUDGE,15,impatiens,crown vetch,worker,4,0
Nosema,1,7/7/20,BOST,44,impatiens,red clover,worker,2,50000
Nosema,1,9/10/20,MUDGE,9,impatiens,solidago,worker,4,25000
Nosema,0,9/10/20,MUDGE,8,impatiens,solidago,worker,4,0
Nosema,0,9/9/20,BOST,29,vagans,solidago,male,4,0
Nosema,1,9/9/20,BOST,27,impatiens,solidago,male,4,25000
Nosema,0,9/10/20,MUDGE,15,impatiens,crown vetch,worker,4,0
Nosema,1,9/10/20,CIND,6,impatiens,red clover,worker,4,75000
Nosema,0,9/10/20,MUDGE,19,impatiens,crown vetch,worker,4,0
Nosema,0,9/10/20,MUDGE,10,impatiens,NA,worker,4,0
Nosema,0,9/9/20,BOST,25,impatiens,solidago,male,4,0
Nosema,1,9/10/20,MUDGE,6,impatiens,crown vetch,worker,4,1.00E+05
Nosema,1,9/10/20,MUDGE,14,impatiens,crown vetch,worker,4,2075000
Nosema,1,9/9/20,BOST,28,impatiens,solidago,male,4,25000
Nosema,0,9/9/20,BOST,3,impatiens,solidago,worker,4,0
Nosema,0,9/9/20,BOST,26,impatiens,solidago,male,4,0
Nosema,0,7/6/20,COL,8,impatiens,red clover,worker,2,0
Nosema,0,9/10/20,CIND,3,impatiens,red clover,worker,4,0
Nosema,0,9/9/20,BOST,9,impatiens,solidago,male,4,0
Nosema,0,9/10/20,MUDGE,13,impatiens,crown vetch,worker,4,0
Nosema,0,9/10/20,CIND,4,impatiens,red clover,worker,4,0
Nosema,0,9/9/20,BOST,4,impatiens,solidago,worker,4,0
Nosema,0,9/9/20,BOST,14,impatiens,solidago,male,4,0
Nosema,0,7/7/20,COL,21,impatiens,red clover,worker,2,0
Nosema,NA,9/10/20,CIND,15,impatiens,red clover,worker,4,NA
Nosema,0,7/7/20,BOST,42,impatiens,red clover,worker,2,0
Nosema,1,9/9/20,BOST,22,impatiens,solidago,male,4,50000
Nosema,1,9/9/20,BOST,13,impatiens,solidago,male,4,1550000
Nosema,1,9/9/20,BOST,1,impatiens,solidago,worker,4,25000
Nosema,NA,9/10/20,MUDGE,17,impatiens,crown vetch,worker,4,NA
Nosema,1,7/6/20,COL,11,impatiens,red clover,worker,2,75000
Nosema,0,7/6/20,COL,9,impatiens,red clover,worker,2,0
Nosema,0,9/9/20,BOST,15,impatiens,solidago,male,4,0
Nosema,NA,9/9/20,BOST,8,impatiens,solidago,male,4,NA
Nosema,0,9/10/20,CIND,12,impatiens,red clover,worker,4,0
Nosema,0,9/10/20,MUDGE,7,impatiens,solidago,worker,4,0
Nosema,0,9/9/20,FLAN,31,impatiens,jewel weed,worker,4,0
Nosema,NA,9/9/20,FLAN,7,impatiens,jewel weed,worker,4,NA
Nosema,0,9/10/20,COL,47,impatiens,red clover,worker,4,0
Nosema,0,9/9/20,FLAN,24,impatiens,jewel weed,worker,4,0
Nosema,0,8/4/20,CIND,13,impatiens,red clover,worker,3,0
Nosema,0,8/4/20,CIND,2,impatiens,red clover,worker,3,0
Nosema,0,9/9/20,FLAN,30,impatiens,jewel weed,worker,4,0
Nosema,0,8/4/20,CIND,21,impatiens,red clover,worker,3,0
Nosema,0,9/10/20,COL,44,impatiens,red clover,worker,4,0
Nosema,0,8/4/20,MUDGE,4,impatiens,crown vetch,worker,3,0
Nosema,NA,8/4/20,MUDGE,30,impatiens,crown vetch,worker,3,NA
Nosema,1,9/10/20,COL,29,impatiens,red clover,worker,4,50000
Nosema,0,8/4/20,MUDGE,33,impatiens,saint johns wort,worker,3,0
Nosema,NA,8/4/20,MUDGE,23,impatiens,crown vetch,worker,3,NA
Nosema,0,8/4/20,CIND,8,impatiens,red clover,worker,3,0
Nosema,0,9/9/20,FLAN,4,impatiens,jewel weed,worker,4,0
Nosema,0,9/10/20,COL,20,impatiens,red clover,worker,4,0
Nosema,0,8/4/20,CIND,18,impatiens,red clover,worker,3,0
Nosema,0,8/4/20,MUDGE,6,impatiens,crown vetch,worker,3,0
Nosema,0,9/10/20,COL,15,impatiens,red clover,worker,4,0
Nosema,0,9/9/20,FLAN,2,impatiens,jewel weed,worker,4,0
Nosema,0,9/9/20,FLAN,26,impatiens,jewel weed,worker,4,0
Nosema,0,8/4/20,MUDGE,35,impatiens,saint johns wort,worker,3,0
Nosema,0,9/9/20,FLAN,18,impatiens,crown vetch,worker,4,0
Nosema,0,9/10/20,COL,35,impatiens,red clover,worker,4,0
Nosema,0,9/9/20,FLAN,19,impatiens,crown vetch,worker,4,0
Nosema,0,9/10/20,COL,10,impatiens,red clover,worker,4,0
Nosema,0,9/9/20,FLAN,36,impatiens,crown vetch,worker,4,0
Nosema,1,8/4/20,CIND,19,impatiens,red clover,worker,3,2.00E+05
Nosema,0,9/9/20,FLAN,14,impatiens,thistle,worker,4,0
Nosema,1,8/4/20,CIND,22,impatiens,red clover,worker,3,4.00E+05
Nosema,1,9/9/20,FLAN,6,impatiens,jewel weed,worker,4,25000
Nosema,0,8/4/20,CIND,1,impatiens,red clover,worker,3,0
Nosema,1,9/9/20,FLAN,35,impatiens,crown vetch,worker,4,25000
Nosema,0,8/4/20,MUDGE,5,impatiens,crown vetch,worker,3,0
Nosema,0,8/4/20,MUDGE,22,impatiens,crown vetch,worker,3,0
Nosema,1,9/10/20,MUDGE,4,impatiens,crown vetch,worker,4,1.00E+05
Nosema,0,9/9/20,FLAN,3,impatiens,jewel weed,worker,4,0
Nosema,NA,9/9/20,FLAN,21,impatiens,jewel weed,worker,4,NA
Nosema,1,8/4/20,MUDGE,26,impatiens,crown vetch,worker,3,25000
Nosema,1,9/10/20,COL,43,impatiens,red clover,worker,4,25000
Nosema,0,9/9/20,FLAN,15,impatiens,solidago,worker,4,0
Nosema,1,8/4/20,MUDGE,9,impatiens,saint johns wort,worker,3,275000
Nosema,0,9/9/20,FLAN,22,impatiens,jewel weed,worker,4,0
Nosema,NA,9/9/20,FLAN,34,impatiens,solidago,worker,4,NA
Nosema,0,9/10/20,COL,3,impatiens,red clover,worker,4,0
Nosema,1,9/10/20,COL,32,impatiens,red clover,worker,4,425000
Nosema,0,8/4/20,MUDGE,34,impatiens,saint johns wort,worker,3,0
Nosema,0,9/10/20,COL,41,impatiens,red clover,worker,4,0
Nosema,0,8/4/20,MUDGE,27,impatiens,crown vetch,worker,3,0
Nosema,0,7/7/20,BOST,28,impatiens,red clover,worker,2,0
Nosema,0,9/9/20,FLAN,27,impatiens,jewel weed,worker,4,0
Nosema,0,9/10/20,COL,7,impatiens,red clover,worker,4,0
Nosema,0,9/9/20,FLAN,41,impatiens,jewel weed,worker,4,0
Nosema,0,9/9/20,FLAN,37,impatiens,crown vetch,worker,4,0
Nosema,1,5/9/20,CIND,24,impatiens,dandelion,queen,1,475000
Nosema,0,9/9/20,FLAN,38,impatiens,crown vetch,worker,4,0
Nosema,0,9/9/20,FLAN,17,impatiens,flight,worker,4,0
Nosema,1,9/10/20,COL,34,impatiens,red clover,worker,4,50000
Nosema,0,5/9/20,CIND,22,impatiens,dandelion,queen,1,0
Nosema,0,7/7/20,BOST,31,impatiens,red clover,worker,2,0
Nosema,1,9/9/20,FLAN,42,impatiens,jewel weed,worker,4,3.00E+05
Nosema,1,5/9/20,CIND,19,impatiens,flight,queen,1,75000
Nosema,0,7/7/20,BOST,11,fervidus,red clover,worker,2,0
Nosema,0,5/9/20,CIND,16,impatiens,dandelion,queen,1,0
Nosema,0,5/9/20,CIND,4,impatiens,dandelion,queen,1,0
Nosema,0,9/9/20,FLAN,10,impatiens,jewel weed,worker,4,0
Nosema,0,9/10/20,COL,6,impatiens,red clover,worker,4,0
Nosema,0,9/10/20,COL,38,impatiens,red clover,worker,4,0
Nosema,0,9/9/20,FLAN,13,impatiens,solidago,worker,4,0
Nosema,0,9/10/20,COL,24,impatiens,red clover,worker,4,0
Nosema,0,9/10/20,COL,33,impatiens,red clover,worker,4,0
Nosema,0,9/9/20,FLAN,28,impatiens,jewel weed,worker,4,0
Nosema,1,9/9/20,FLAN,12,impatiens,jewel weed,worker,4,75000
Nosema,NA,9/9/20,FLAN,40,impatiens,jewel weed,worker,4,NA
Nosema,0,9/9/20,FLAN,8,impatiens,jewel weed,worker,4,0
Nosema,0,9/9/20,FLAN,20,impatiens,crown vetch,worker,4,0
Nosema,0,9/10/20,COL,28,impatiens,red clover,worker,4,0
Nosema,0,9/10/20,COL,2,impatiens,red clover,worker,4,0
Nosema,1,9/10/20,COL,30,impatiens,red clover,worker,4,25000
Nosema,0,9/9/20,FLAN,39,impatiens,jewel weed,worker,4,0
Nosema,0,5/9/20,CIND,6,impatiens,dandelion,queen,1,0
Nosema,1,9/9/20,FLAN,33,impatiens,solidago,worker,4,75000
Nosema,1,9/10/20,COL,16,impatiens,red clover,worker,4,25000
Nosema,1,9/10/20,COL,45,impatiens,red clover,worker,4,2.00E+05
Nosema,0,7/7/20,BOST,22,impatiens,red clover,worker,2,0
Nosema,0,9/10/20,COL,8,impatiens,red clover,worker,4,0
Nosema,1,9/10/20,COL,26,impatiens,red clover,worker,4,2325000
Nosema,0,9/10/20,COL,27,impatiens,red clover,worker,4,0
Nosema,1,5/9/20,CIND,1,impatiens,dandelion,queen,1,25000
Nosema,1,7/7/20,BOST,14,impatiens,red clover,queen,2,75000
Nosema,1,5/9/20,CIND,2,impatiens,dandelion,queen,1,125000
Nosema,1,9/10/20,COL,37,impatiens,red clover,worker,4,475000
Nosema,0,9/9/20,FLAN,44,impatiens,jewel weed,worker,4,0
Nosema,0,5/9/20,CIND,14,impatiens,dandelion,queen,1,0
Nosema,0,5/9/20,CIND,31,impatiens,flight,queen,1,0
Nosema,0,5/17/20,FLAN,4,impatiens,flight,queen,1,0
Nosema,1,8/3/20,FLAN,37,impatiens,crown vetch,worker,3,475000
Nosema,0,9/10/20,COL,22,impatiens,red clover,worker,4,0
Nosema,0,8/3/20,FLAN,38,impatiens,crown vetch,worker,3,0
Nosema,0,9/10/20,COL,13,impatiens,red clover,worker,4,0
Nosema,0,8/3/20,FLAN,2,impatiens,crown vetch,worker,3,0
Nosema,0,8/3/20,BOST,22,impatiens,red clover,worker,3,0
Nosema,NA,8/3/20,FLAN,30,impatiens,crown vetch,worker,3,NA
Nosema,1,8/3/20,BOST,17,impatiens,knot weed,male,3,125000
Nosema,1,5/17/20,FLAN,19,impatiens,woody yellow ,queen,1,25000
Nosema,0,9/10/20,COL,19,impatiens,red clover,worker,4,0
Nosema,0,9/10/20,COL,1,impatiens,red clover,worker,4,0
Nosema,0,9/10/20,COL,42,impatiens,red clover,worker,4,0
Nosema,0,8/3/20,FLAN,5,impatiens,crown vetch,worker,3,0
Nosema,0,8/3/20,FLAN,26,impatiens,crown vetch,worker,3,0
Nosema,1,8/3/20,FLAN,29,impatiens,crown vetch,worker,3,175000
Nosema,NA,7/6/20,MUDGE,5,impatiens,crown vetch,worker,2,NA
Nosema,1,8/3/20,FLAN,9,impatiens,crown vetch,worker,3,125000
Nosema,0,5/9/20,CIND,10,impatiens,dandelion,queen,1,0
Nosema,1,8/3/20,FLAN,39,impatiens,crown vetch,worker,3,25000
Nosema,0,8/3/20,FLAN,40,impatiens,crown vetch,worker,3,0
Nosema,0,9/10/20,COL,48,impatiens,red clover,worker,4,0
Nosema,0,8/3/20,BOST,13,impatiens,red clover,worker,3,0
Nosema,1,8/3/20,FLAN,6,impatiens,crown vetch,worker,3,25000
Nosema,1,9/10/20,COL,14,impatiens,red clover,worker,4,25000
Nosema,0,8/3/20,BOST,16,impatiens,red clover,worker,3,0
Nosema,0,5/17/20,FLAN,5,impatiens,flight,queen,1,0
Nosema,0,5/17/20,BOST,6,impatiens,dandelion,queen,1,0
Nosema,1,5/17/20,BOST,37,impatiens,flight,queen,1,1250000
Nosema,1,5/17/20,BOST,17,impatiens,dandelion,queen,1,50000
Nosema,1,7/11/20,CIND,13,impatiens,red clover,worker,2,2.00E+05
Nosema,1,8/4/20,MUDGE,29,impatiens,crown vetch,worker,3,75000
Nosema,1,8/3/20,FLAN,35,impatiens,crown vetch,worker,3,125000
Nosema,0,8/3/20,FLAN,11,impatiens,crown vetch,worker,3,0
Nosema,0,8/3/20,FLAN,20,impatiens,crown vetch,worker,3,0
Nosema,1,7/6/20,MUDGE,4,impatiens,crown vetch,worker,2,25000
Nosema,0,8/3/20,FLAN,27,impatiens,crown vetch,worker,3,0
Nosema,0,5/17/20,BOST,19,impatiens,flight,queen,1,0
Nosema,1,5/17/20,BOST,25,impatiens,flight,queen,1,75000
Nosema,1,8/3/20,BOST,11,impatiens,red clover,worker,3,50000
Nosema,1,5/17/20,BOST,3,impatiens,flight,queen,1,150000
Nosema,1,8/4/20,MUDGE,28,impatiens,crown vetch,worker,3,425000
Nosema,0,8/3/20,BOST,21,impatiens,red clover,worker,3,0
Nosema,0,8/3/20,FLAN,3,impatiens,crown vetch,worker,3,0
Nosema,NA,5/17/20,BOST,12,impatiens,flight ,queen,1,NA
Nosema,0,9/10/20,COL,12,impatiens,red clover,worker,4,0
Nosema,0,9/10/20,COL,21,impatiens,red clover,worker,4,0
Nosema,0,9/9/20,FLAN,11,impatiens,jewel weed,worker,4,0
Nosema,0,8/3/20,BOST,18,impatiens,red clover,worker,3,0
Nosema,0,8/3/20,BOST,20,impatiens,red clover,worker,3,0
Nosema,0,8/3/20,FLAN,4,impatiens,crown vetch,worker,3,0
Nosema,NA,8/3/20,FLAN,4,impatiens,crown vetch,worker,3,NA
Nosema,0,5/17/20,BOST,32,impatiens,flight,queen,1,0
Nosema,0,5/17/20,BOST,32,impatiens,flight,queen,1,0
Nosema,0,9/10/20,COL,31,impatiens,red clover,worker,4,0
Nosema,0,9/10/20,COL,31,impatiens,red clover,worker,4,0
Nosema,1,9/10/20,COL,9,impatiens,red clover,worker,4,50000
Nosema,0,9/10/20,COL,9,impatiens,red clover,worker,4,0
Nosema,0,8/3/20,FLAN,8,impatiens,crown vetch,worker,3,0
Nosema,0,8/3/20,FLAN,8,impatiens,crown vetch,worker,3,0
Nosema,0,9/10/20,COL,17,impatiens,red clover,worker,4,0
Nosema,NA,9/10/20,COL,17,impatiens,red clover,worker,4,NA
Nosema,1,5/17/20,FLAN,17,impatiens,mint,queen,1,25000
Nosema,NA,5/17/20,FLAN,17,impatiens,mint,queen,1,NA
Nosema,0,5/17/20,BOST,10,impatiens,dandelion,queen,1,0
Nosema,1,8/3/20,FLAN,16,impatiens,crown vetch,worker,3,125000
Nosema,0,8/3/20,BOST,4,impatiens,red clover,worker,3,0
Nosema,0,5/17/20,FLAN,12,impatiens,dandelion,queen,1,0
Nosema,0,8/4/20,MUDGE,2,impatiens,saint johns wort,worker,3,0
Nosema,1,5/17/20,BOST,20,impatiens,flight,queen,1,1.00E+05
Nosema,1,8/3/20,BOST,19,impatiens,red clover,worker,3,50000
Nosema,1,8/3/20,BOST,14,impatiens,red clover,worker,3,25000
Nosema,1,9/10/20,COL,18,impatiens,flight,worker,4,25000
Nosema,0,5/17/20,FLAN,2,impatiens,dandelion,queen,1,0
Nosema,0,5/17/20,BOST,4,impatiens,dandelion,queen,1,0
Nosema,1,8/3/20,BOST,6,impatiens,red clover,worker,3,525000
Nosema,NA,9/9/20,FLAN,32,impatiens,jewel weed,worker,4,NA
Nosema,1,5/17/20,BOST,34,impatiens,flight,queen,1,25000
Nosema,1,8/3/20,FLAN,14,impatiens,crown vetch,worker,3,125000
Nosema,1,8/3/20,FLAN,33,impatiens,crown vetch,worker,3,125000
Nosema,0,5/17/20,FLAN,1,impatiens,dandelion,queen,1,0
Nosema,0,5/17/20,FLAN,8,impatiens,flight,queen,1,0
Nosema,1,8/3/20,FLAN,18,impatiens,crown vetch,worker,3,125000
Nosema,1,8/3/20,FLAN,15,impatiens,crown vetch,worker,3,150000
Nosema,0,8/4/20,CIND,16,impatiens,red clover,worker,3,0
Nosema,0,8/4/20,CIND,3,impatiens,red clover,worker,3,0
Nosema,NA,8/4/20,CIND,23,impatiens,red clover,worker,3,NA
Nosema,0,9/10/20,COL,23,impatiens,red clover,worker,4,0
Nosema,0,8/4/20,CIND,15,impatiens,red clover,worker,3,0
Nosema,1,8/3/20,FLAN,13,impatiens,crown vetch,worker,3,25000
Nosema,0,8/4/20,COL,11,impatiens,NA,worker,3,0
Nosema,1,8/4/20,COL,15,impatiens,jewel weed,worker,3,75000
Nosema,0,5/19/20,MUDGE,29,impatiens,dandelion,queen,1,0
Nosema,0,5/19/20,COL,29,impatiens,dandelion,queen,1,0
Nosema,0,8/4/20,COL,17,impatiens,red clover,worker,3,0
Nosema,0,5/19/20,COL,35,impatiens,dandelion,queen,1,0
Nosema,1,5/19/20,MUDGE,14,impatiens,dandelion,queen,1,50000
Nosema,1,5/19/20,COL,28,impatiens,dandelion,queen,1,475000
Nosema,0,8/4/20,COL,4,impatiens,red clover,worker,3,0
Nosema,NA,5/19/20,MUDGE,45,impatiens,flight,queen,1,NA
Nosema,1,5/19/20,COL,30,impatiens,flight,queen,1,75000
Nosema,0,5/19/20,COL,32,impatiens,dandelion,queen,1,0
Nosema,0,8/4/20,COL,9,impatiens,red clover,worker,3,0
Nosema,0,5/19/20,COL,8,impatiens,flight,queen,1,0
Nosema,0,8/4/20,COL,5,impatiens,red clover,worker,3,0
Nosema,0,5/19/20,MUDGE,23,impatiens,dandelion,queen,1,0
Nosema,1,8/4/20,COL,6,impatiens,red clover,worker,3,25000
Nosema,0,7/6/20,FLAN,42,impatiens,red clover,worker,2,0
Nosema,1,7/6/20,FLAN,33,impatiens,crown vetch,worker,2,125000
Nosema,0,5/19/20,COL,11,impatiens,dandelion,queen,1,0
Nosema,NA,5/17/20,FLAN,6,vagans,dandelion,queen,1,NA
Nosema,0,7/6/20,FLAN,3,impatiens,crown vetch,worker,2,0
Nosema,NA,5/17/20,FLAN,19,impatiens,woody yellow ,queen,1,NA
Nosema,1,7/6/20,FLAN,5,impatiens,saint johns wort,worker,2,25000
Nosema,NA,7/6/20,FLAN,36,impatiens,crown vetch,worker,2,NA
Nosema,0,5/19/20,COL,6,impatiens,dandelion,queen,1,0
Nosema,0,5/19/20,COL,9,impatiens,dandelion,queen,1,0
Nosema,0,7/6/20,FLAN,15,impatiens,red clover,worker,2,0
Nosema,0,5/19/20,COL,27,impatiens,dandelion,queen,1,0
Nosema,1,7/6/20,FLAN,40,impatiens,saint johns wort,worker,2,325000
Nosema,0,5/17/20,FLAN,18,impatiens,violet ,queen,1,0
Nosema,0,7/6/20,FLAN,53,impatiens,red clover,worker,2,0
Nosema,1,7/6/20,FLAN,56,impatiens,red clover,worker,2,525000
Nosema,0,7/6/20,FLAN,55,impatiens,red clover,queen,2,0
Nosema,1,5/17/20,FLAN,24,bimaculatus,flight,queen,1,1175000
Nosema,0,5/17/20,FLAN,20,bimaculatus,violet ,queen,1,0
Nosema,0,5/17/20,FLAN,17,impatiens,mint,queen,1,0
Nosema,1,5/19/20,COL,31,impatiens,flight,queen,1,75000
Nosema,1,5/19/20,COL,33,impatiens,dandelion,queen,1,25000
Nosema,0,8/4/20,CIND,5,impatiens,red clover,worker,3,0
Nosema,0,5/17/20,BOST,27,impatiens,flight,queen,1,0
Nosema,0,5/19/20,COL,1,impatiens,dandelion,queen,1,0
Nosema,1,7/6/20,FLAN,34,impatiens,crown vetch,worker,2,50000
Nosema,1,7/6/20,FLAN,12,impatiens,saint johns wort,worker,2,225000
Nosema,1,5/19/20,COL,4,ternarius,dandelion,queen,1,75000
Nosema,0,5/17/20,FLAN,22,bimaculatus,violet,queen,1,0
Nosema,0,7/6/20,FLAN,16,impatiens,red clover,worker,2,0